energy_ev,cross_section
0.01,5.134e-07
0.02,2.0536e-06
0.03,4.6207e-06
0.04,8.2146e-06
0.05,1.28353e-05
0.06,1.84828e-05
0.07,2.5157e-05
0.08,3.28581e-05
0.09,4.15859e-05
0.1,5.13405e-05
0.11,6.21218e-05
0.12,7.39298e-05
0.13,8.67645e-05
0.14,0.0001006259
0.15,0.0001155139
0.16,0.0001314285
0.17,0.0001483698
0.18,0.0001663375
0.19,0.0001853318
0.2,0.0002053526
0.21,0.0002263999
0.22,0.0002484735
0.23,0.0002715735
0.24,0.0002956999
0.25,0.0003208525
0.26,0.0003470314
0.27,0.0003742365
0.28,0.0004024677
0.29,0.0004317251
0.3,0.0004620084
0.31,0.0004933178
0.32,0.0005256531
0.33,0.0005590142
0.34,0.0005934012
0.35,0.0006288139
0.36,0.0006652523
0.37,0.0007027163
0.38,0.0007412058
0.39,0.0007807208
0.4,0.0008212613
0.41,0.000862827
0.42,0.0009054181
0.43,0.0009490343
0.44,0.0009936756
0.45,0.001039342
0.46,0.0010860332
0.47,0.0011337493
0.48,0.0011824901
0.49,0.0012322557
0.5,0.0012830459
0.51,0.0013348605
0.52,0.0013876996
0.53,0.0014415629
0.54,0.0014964505
0.55,0.001552362
0.56,0.0016092977
0.57,0.0016672573
0.58,0.0017262406
0.59,0.0017862476
0.6,0.0018472783
0.61,0.0019093323
0.62,0.0019724097
0.63,0.0020365104
0.64,0.0021016342
0.65,0.002167781
0.66,0.0022349507
0.67,0.0023031431
0.68,0.0023723581
0.69,0.0024425957
0.7,0.0025138557
0.71,0.0025861379
0.72,0.0026594422
0.73,0.0027337685
0.74,0.0028091167
0.75,0.0028854866
0.76,0.002962878
0.77,0.003041291
0.78,0.0031207251
0.79,0.0032011805
0.8,0.0032826567
0.81,0.0033651539
0.82,0.0034486718
0.83,0.0035332102
0.84,0.003618769
0.850001,0.0037053481
0.860001,0.0037929472
0.870001,0.0038815663
0.880001,0.003971205
0.890001,0.0040618635
0.900001,0.0041535412
0.910001,0.0042462383
0.920001,0.0043399545
0.930001,0.0044346896
0.940001,0.0045304435
0.950001,0.0046272159
0.960001,0.0047250067
0.970001,0.0048238157
0.980001,0.0049236427
0.990001,0.0050244876
1.000001,0.0051263502
1.010001,0.0052292303
1.020001,0.0053331276
1.030001,0.0054380421
1.040001,0.0055439734
1.050001,0.0056509215
1.060001,0.0057588861
1.070001,0.005867867
1.080001,0.0059778641
1.090001,0.0060888771
1.100001,0.0062009057
1.110001,0.00631395
1.120001,0.0064280095
1.130001,0.0065430841
1.140001,0.0066591736
1.150001,0.0067762778
1.160001,0.0068943964
1.170001,0.0070135293
1.180001,0.0071336762
1.190001,0.0072548369
1.200001,0.0073770112
1.210001,0.0075001988
1.220001,0.0076243997
1.230001,0.0077496133
1.240001,0.0078758396
1.250001,0.0080030784
1.260001,0.0081313294
1.270001,0.0082605924
1.280001,0.0083908672
1.290001,0.0085221534
1.300001,0.0086544509
1.310001,0.0087877594
1.320001,0.0089220786
1.330001,0.0090574084
1.340001,0.0091937484
1.350001,0.0093310984
1.360001,0.0094694582
1.370001,0.0096088276
1.380001,0.0097492062
1.390001,0.0098905937
1.400001,0.0100329906
1.410001,0.0101763951
1.420001,0.0103208082
1.430001,0.010466229
1.440001,0.0106126575
1.450001,0.0107600935
1.460001,0.0109085362
1.470001,0.0110579865
1.480001,0.0112084435
1.490001,0.0113599061
1.500001,0.0115123754
1.510001,0.0116658503
1.520001,0.0118203298
1.530001,0.011975815
1.540001,0.0121323059
1.550001,0.0122898004
1.560001,0.0124482996
1.570001,0.0126078025
1.580001,0.01276831
1.590001,0.0129298202
1.600001,0.013092333
1.610001,0.0132558495
1.620001,0.0134203687
1.630001,0.0135858896
1.640001,0.0137524122
1.650001,0.0139199364
1.660001,0.0140884624
1.670001,0.014257989
1.680001,0.0144285163
1.690001,0.0146000443
1.700001,0.014772572
1.710001,0.0149461004
1.720001,0.0151206265
1.730001,0.0152961533
1.740001,0.0154726779
1.750001,0.0156502011
1.760001,0.0158287221
1.770001,0.0160082407
1.780001,0.0161887571
1.790001,0.0163702712
1.800001,0.016552781
1.810001,0.0167362876
1.820001,0.0169207909
1.830001,0.0171062889
1.840001,0.0172927827
1.850001,0.0174802722
1.860001,0.0176687554
1.870001,0.0178582334
1.880001,0.0180487052
1.890001,0.0182401707
1.900001,0.0184326299
1.910001,0.0186260809
1.920001,0.0188205257
1.930001,0.0190159622
1.940001,0.0192123905
1.950001,0.0194098096
1.960001,0.0196082204
1.970001,0.0198076221
1.980001,0.0200080135
1.990001,0.0202093956
2.000001,0.0204117676
2.010001,0.0206151274
2.020001,0.0208194769
2.030001,0.0210248152
2.040001,0.0212311414
2.050001,0.0214384543
2.060001,0.0216467561
2.070001,0.0218560436
2.080001,0.022066318
2.090001,0.0222775782
2.100001,0.0224898242
2.110001,0.022703056
2.120001,0.0229172727
2.130001,0.0231324741
2.140001,0.0233486584
2.150001,0.0235658276
2.160001,0.0237839796
2.170001,0.0240031144
2.180001,0.024223232
2.190001,0.0244443316
2.200001,0.0246664129
2.210001,0.0248894761
2.220001,0.0251135192
2.230001,0.0253385432
2.240001,0.025564546
2.250001,0.0257915296
2.260001,0.0260194922
2.270001,0.0262484326
2.280001,0.0264783519
2.290001,0.0267092491
2.300001,0.0269411242
2.310001,0.0271739751
2.320001,0.027407804
2.330001,0.0276426077
2.340001,0.0278783874
2.350001,0.028115142
2.360001,0.0283528724
2.370001,0.0285915758
2.380001,0.0288312541
2.390001,0.0290719053
2.400001,0.0293135294
2.410001,0.0295561255
2.420001,0.0297996945
2.430001,0.0300442344
2.440001,0.0302897463
2.450001,0.0305362281
2.460001,0.0307836798
2.470001,0.0310321015
2.480001,0.0312814922
2.490001,0.0315318518
2.500001,0.0317831803
2.510001,0.0320354759
2.520001,0.0322887394
2.530001,0.0325429688
2.540002,0.0327981653
2.550002,0.0330543277
2.560002,0.0333114551
2.570002,0.0335695475
2.580002,0.0338286039
2.590002,0.0340886253
2.600002,0.0343496096
2.610002,0.034611556
2.620002,0.0348744664
2.630002,0.0351383378
2.640002,0.0354031702
2.650002,0.0356689636
2.660002,0.0359357181
2.670002,0.0362034326
2.680002,0.0364721051
2.690002,0.0367417376
2.700002,0.0370123282
2.710002,0.0372838768
2.720002,0.0375563825
2.730002,0.0378298452
2.740002,0.038104264
2.750001,0.0383796388
2.760002,0.0386559687
2.770002,0.0389332537
2.780002,0.0392114917
2.790002,0.0394906848
2.800002,0.03977083
2.810002,0.0400519273
2.820002,0.0403339777
2.830002,0.0406169791
2.840002,0.0409009316
2.850002,0.0411858343
2.860002,0.041471687
2.870002,0.0417584889
2.880002,0.0420462399
2.890002,0.042334939
2.900002,0.0426245852
2.910002,0.0429151785
2.920002,0.043206719
2.930002,0.0434992046
2.940002,0.0437926363
2.950002,0.0440870122
2.960002,0.0443823322
2.970002,0.0446785964
2.980002,0.0449758037
2.990002,0.0452739542
3.000002,0.0455730459
3.010002,0.0458730787
3.020002,0.0461740527
3.030002,0.0464759669
3.040002,0.0467788202
3.050002,0.0470826138
3.060002,0.0473873445
3.070002,0.0476930135
3.080002,0.0479996206
3.090002,0.0483071639
3.100002,0.0486156425
3.110002,0.0489250572
3.120002,0.0492354072
3.130002,0.0495466914
3.140002,0.0498589088
3.150002,0.0501720594
3.160002,0.0504861423
3.170002,0.0508011574
3.180002,0.0511171038
3.190002,0.0514339804
3.200002,0.0517517873
3.210002,0.0520705234
3.220002,0.0523901888
3.230002,0.0527107815
3.240002,0.0530323024
3.250002,0.0533547506
3.260002,0.0536781241
3.270002,0.0540024238
3.280002,0.0543276479
3.290002,0.0546537972
3.300002,0.0549808699
3.310002,0.0553088658
3.320002,0.0556377831
3.330002,0.0559676237
3.340002,0.0562983846
3.350002,0.0566300658
3.360002,0.0569626673
3.370002,0.0572961882
3.380002,0.0576306274
3.390002,0.057965985
3.400002,0.0583022588
3.410002,0.0586394501
3.420002,0.0589775567
3.430002,0.0593165796
3.440002,0.059656516
3.450002,0.0599973667
3.460002,0.0603391307
3.470002,0.0606818072
3.480002,0.061025395
3.490002,0.0613698952
3.500002,0.0617153048
3.510002,0.0620616248
3.520002,0.0624088543
3.530002,0.0627569921
3.540002,0.0631060373
3.550002,0.06345599
3.560002,0.063806849
3.570002,0.0641586135
3.580002,0.0645112834
3.590002,0.0648648568
3.600002,0.0652193346
3.610002,0.0655747159
3.620002,0.0659309986
3.630002,0.0662881827
3.640002,0.0666462683
3.650002,0.0670052534
3.660002,0.067365138
3.670002,0.067725921
3.680002,0.0680876025
3.690002,0.0684501815
3.700002,0.068813657
3.710002,0.069178027
3.720002,0.0695432935
3.730002,0.0699094535
3.740002,0.070276508
3.750002,0.070644454
3.760002,0.0710132935
3.770002,0.0713830236
3.780002,0.0717536452
3.790002,0.0721251553
3.800002,0.072497556
3.810002,0.0728708442
3.820002,0.0732450209
3.830002,0.0736200842
3.840002,0.0739960331
3.850002,0.0743728685
3.860002,0.0747505886
3.870002,0.0751291911
3.880002,0.0755086783
3.890002,0.075889047
3.900002,0.0762702984
3.910002,0.0766524303
3.920002,0.0770354419
3.930002,0.077419333
3.940002,0.0778041027
3.950002,0.0781897501
3.960002,0.0785762751
3.970002,0.0789636757
3.980002,0.079351952
3.990002,0.0797411028
4.000002,0.0801311274
4.010002,0.0805220255
4.020002,0.0809137963
4.030002,0.0813064378
4.040002,0.081699951
4.050002,0.0820943327
4.060002,0.0824895852
4.070002,0.0828857044
4.080002,0.0832826922
4.090002,0.0836805467
4.100002,0.0840792669
4.110003,0.0844788529
4.120002,0.0848793025
4.130002,0.0852806158
4.140003,0.0856827918
4.150002,0.0860858296
4.160002,0.0864897281
4.170003,0.0868944873
4.180002,0.0873001062
4.190002,0.0877065829
4.200003,0.0881139183
4.210002,0.0885221095
4.220002,0.0889311574
4.230003,0.0893410611
4.240003,0.0897518185
4.250002,0.0901634298
4.260003,0.0905758937
4.270003,0.0909892095
4.280002,0.0914033771
4.290003,0.0918183944
4.300003,0.0922342606
4.310002,0.0926509755
4.320003,0.0930685383
4.330003,0.0934869479
4.340003,0.0939062033
4.350003,0.0943263045
4.360003,0.0947472495
4.370003,0.0951690374
4.380003,0.0955916681
4.390003,0.0960151407
4.400003,0.0964394541
4.410003,0.0968646073
4.420003,0.0972905994
4.430003,0.0977174294
4.440003,0.0981450973
4.450003,0.098573601
4.460003,0.0990029406
4.470003,0.0994331141
4.480003,0.0998641225
4.490003,0.1002959618
4.500003,0.100728632
4.510003,0.1011621421
4.520003,0.1015964721
4.530003,0.102031632
4.540003,0.1024676318
4.550003,0.1029044416
4.560003,0.1033420913
4.570003,0.103780561
4.580003,0.1042198606
4.590003,0.1046599801
4.600003,0.1051009196
4.610003,0.1055426891
4.620003,0.1059852685
4.630003,0.1064286779
4.640003,0.1068728973
4.650003,0.1073179466
4.660003,0.107763806
4.670003,0.1082104853
4.680003,0.1086579746
4.690003,0.109106284
4.700003,0.1095554033
4.710003,0.1100053327
4.720003,0.110456082
4.730003,0.1109076414
4.740003,0.1113600009
4.750003,0.1118131803
4.760003,0.1122671598
4.770003,0.1127219494
4.780003,0.113177549
4.790003,0.1136339487
4.800003,0.1140911584
4.810003,0.1145491682
4.820003,0.1150079781
4.830003,0.115467588
4.840003,0.115927998
4.850003,0.1163892181
4.860003,0.1168512283
4.870003,0.1173140386
4.880003,0.1177776391
4.890003,0.1182420396
4.900003,0.1187072302
4.910003,0.119173221
4.920003,0.1196400019
4.930003,0.1201075729
4.940003,0.120575934
4.950003,0.1210450853
4.960003,0.1215150268
4.970003,0.1219857584
4.980003,0.1224572701
4.990003,0.1229295721
5.000003,0.1234026642
5.010003,0.1238765264
5.020003,0.1243511789
5.030003,0.1248266115
5.040003,0.1253028243
5.050003,0.1257798173
5.060003,0.1262575906
5.070003,0.126736144
5.080003,0.1272154676
5.090003,0.1276955715
5.100003,0.1281764456
5.110003,0.1286580899
5.120003,0.1291405144
5.130003,0.1296237092
5.140003,0.1301076742
5.150003,0.1305924095
5.160003,0.131077905
5.170003,0.1315641708
5.180003,0.1320512069
5.190003,0.1325390132
5.200003,0.1330275698
5.210003,0.1335168967
5.220003,0.1340069939
5.230003,0.1344978413
5.240003,0.1349894491
5.250003,0.1354818172
5.260003,0.1359749455
5.270003,0.1364688342
5.280003,0.1369634732
5.290003,0.1374588626
5.300003,0.1379550122
5.310003,0.1384519122
5.320003,0.1389495626
5.330003,0.1394479633
5.340003,0.1399471143
5.350003,0.1404470157
5.360003,0.1409476675
5.370003,0.1414490596
5.380003,0.1419511921
5.390003,0.142454075
5.400003,0.1429576982
5.410003,0.1434620719
5.420003,0.1439671759
5.430003,0.1444730204
5.440003,0.1449796052
5.450003,0.1454869305
5.460003,0.1459949861
5.470003,0.1465037822
5.480003,0.1470133088
5.490003,0.1475235657
5.500003,0.1480345631
5.510003,0.1485462809
5.520003,0.1490587392
5.530003,0.1495719179
5.540003,0.1500858271
5.550003,0.1506004668
5.560003,0.1511158269
5.570003,0.1516319075
5.580003,0.1521487185
5.590003,0.1526662401
5.600003,0.1531844921
5.610003,0.1537034647
5.620003,0.1542231477
5.630003,0.1547435512
5.640003,0.1552646753
5.650003,0.1557865099
5.660003,0.156309065
5.670003,0.1568323206
5.680003,0.1573562967
5.690003,0.1578809834
5.700003,0.1584063706
5.710003,0.1589324784
5.720003,0.1594592867
5.730003,0.1599867956
5.740003,0.1605150151
5.750003,0.1610439351
5.760003,0.1615735557
5.770003,0.1621038868
5.780003,0.1626349086
5.790003,0.1631666309
5.800004,0.1636990538
5.810003,0.1642321774
5.820003,0.1647659815
5.830004,0.1653004963
5.840003,0.1658356916
5.850003,0.1663715876
5.860004,0.1669081642
5.870003,0.1674454414
5.880003,0.1679833993
5.890004,0.1685220378
5.900004,0.169061377
5.910003,0.1696013868
5.920004,0.1701420872
5.930004,0.1706834684
5.940003,0.1712255401
5.950004,0.1717682826
5.960004,0.1723116957
5.970003,0.1728557996
5.980004,0.1734005741
5.990004,0.1739460193
6.000003,0.1744921452
6.010004,0.1750389418
6.020004,0.175586409
6.030004,0.1761345471
6.040004,0.1766833458
6.050004,0.1772328253
6.060004,0.1777829554
6.070004,0.1783337664
6.080004,0.178885228
6.090004,0.1794373604
6.100003,0.1799901535
6.110004,0.1805436074
6.120004,0.1810977221
6.130004,0.1816524875
6.140004,0.1822079137
6.150004,0.1827639906
6.160004,0.1833207284
6.170004,0.1838781069
6.180004,0.1844361462
6.190004,0.1849948363
6.200004,0.1855541772
6.210004,0.1861141589
6.220004,0.1866747914
6.230004,0.1872360647
6.240004,0.1877979888
6.250004,0.1883605438
6.260004,0.1889237496
6.270004,0.1894875962
6.280004,0.1900520736
6.290004,0.1906171919
6.300004,0.1911829511
6.310004,0.1917493411
6.320004,0.1923163719
6.330004,0.1928840236
6.340004,0.1934523162
6.350004,0.1940212296
6.360004,0.194590774
6.370004,0.1951609492
6.380004,0.1957317453
6.390004,0.1963031723
6.400004,0.1968752201
6.410004,0.1974478889
6.420004,0.1980211686
6.430004,0.1985950792
6.440004,0.1991696107
6.450004,0.1997447532
6.460004,0.2003205065
6.470004,0.2008968808
6.480004,0.201473866
6.490004,0.2020514622
6.500004,0.2026296693
6.510004,0.2032084873
6.520004,0.2037879064
6.530004,0.2043679363
6.540004,0.2049485672
6.550004,0.2055298091
6.560004,0.206111652
6.570004,0.2066940858
6.580004,0.2072771307
6.590004,0.2078607665
6.600004,0.2084450033
6.610004,0.2090298311
6.620004,0.2096152499
6.630004,0.2102012697
6.640004,0.2107878805
6.650004,0.2113750723
6.660004,0.2119628652
6.670004,0.2125512391
6.680004,0.213140194
6.690004,0.2137297399
6.700004,0.2143198669
6.710004,0.2149105749
6.720004,0.2155018639
6.730004,0.2160937341
6.740004,0.2166861852
6.750004,0.2172792074
6.760004,0.2178728007
6.770004,0.2184669751
6.780004,0.2190617205
6.790004,0.219657037
6.800004,0.2202529146
6.810004,0.2208493733
6.820004,0.2214463931
6.830004,0.222043974
6.840004,0.222642126
6.850004,0.223240829
6.860004,0.2238401032
6.870004,0.2244399385
6.880004,0.225040325
6.890004,0.2256412725
6.900004,0.2262427712
6.910004,0.226844831
6.920004,0.2274474419
6.930004,0.228050604
6.940004,0.2286543072
6.950004,0.2292585716
6.960004,0.2298633772
6.970004,0.2304687238
6.980004,0.2310746217
6.990004,0.2316810607
7.000004,0.2322880409
7.010004,0.2328955523
7.020004,0.2335036148
7.030004,0.2341122086
7.040004,0.2347213435
7.050004,0.2353309996
7.060004,0.2359411969
7.070004,0.2365519254
7.080004,0.2371631852
7.090004,0.2377749761
7.100004,0.2383872882
7.110004,0.2390001316
7.120004,0.2396134962
7.130004,0.240227382
7.140004,0.240841789
7.150004,0.2414567073
7.160004,0.2420721568
7.170004,0.2426881176
7.180004,0.2433045996
7.190004,0.2439215829
7.200004,0.2445390874
7.210004,0.2451571031
7.220004,0.2457756302
7.230004,0.2463946585
7.240004,0.2470141981
7.250004,0.2476342389
7.260004,0.248254791
7.270004,0.2488758345
7.280004,0.2494973892
7.290004,0.2501194352
7.300004,0.2507419825
7.310004,0.2513650311
7.320004,0.251988561
7.330004,0.2526125922
7.340004,0.2532371147
7.350004,0.2538621285
7.360004,0.2544876337
7.370004,0.2551136202
7.380004,0.255740098
7.390004,0.2563670471
7.400004,0.2569944876
7.410004,0.2576224194
7.420004,0.2582508126
7.430004,0.2588796971
7.440004,0.2595090529
7.450004,0.2601388801
7.460004,0.2607691887
7.470004,0.2613999686
7.480004,0.2620312199
7.490005,0.2626629326
7.500004,0.2632951167
7.510004,0.2639277721
7.520005,0.2645608789
7.530004,0.2651944571
7.540004,0.2658284966
7.550005,0.2664629976
7.560004,0.26709796
7.570004,0.2677333737
7.580005,0.2683692389
7.590005,0.2690055655
7.600004,0.2696423435
7.610005,0.2702795729
7.620005,0.2709172437
7.630004,0.2715553659
7.640005,0.2721939396
7.650005,0.2728329547
7.660004,0.2734724112
7.670005,0.2741123092
7.680005,0.2747526486
7.690004,0.2753934194
7.700005,0.2760346317
7.710005,0.2766762855
7.720005,0.2773183607
7.730005,0.2779608773
7.740005,0.2786038254
7.750005,0.279247195
7.760005,0.279890996
7.770005,0.2805352186
7.780005,0.2811798726
7.790004,0.281824948
7.800005,0.282470435
7.810005,0.2831163534
7.820005,0.2837626833
7.830005,0.2844094247
7.840005,0.2850565877
7.850005,0.2857041621
7.860005,0.286352148
7.870005,0.2870005454
7.880005,0.2876493543
7.890005,0.2882985647
7.900005,0.2889481767
7.910005,0.2895982001
7.920005,0.2902486251
7.930005,0.2908994416
7.940005,0.2915506697
7.950005,0.2922022792
7.960005,0.2928543003
7.970005,0.293506703
7.980005,0.2941595071
7.990005,0.2948126929
8.000005,0.2954662701
8.010005,0.2961202389
8.020005,0.2967745893
8.030005,0.2974293312
8.040005,0.2980844447
8.050005,0.2987399498
8.060005,0.2993958264
8.070005,0.3000520845
8.080005,0.3007087143
8.090005,0.3013657256
8.100005,0.3020231085
8.110005,0.302680863
8.120005,0.303338979
8.130005,0.3039974667
8.140005,0.3046563259
8.150005,0.3053155467
8.160005,0.3059751291
8.170005,0.3066350732
8.180005,0.3072953788
8.190005,0.307956036
8.200005,0.3086170548
8.210005,0.3092784252
8.220005,0.3099401573
8.230005,0.3106022309
8.240005,0.3112646562
8.250005,0.3119274331
8.260005,0.3125905616
8.270005,0.3132540218
8.280005,0.3139178335
8.290005,0.3145819869
8.300005,0.315246482
8.310005,0.3159113086
8.320005,0.3165764769
8.330005,0.3172419769
8.340005,0.3179078085
8.350005,0.3185739717
8.360005,0.3192404666
8.370005,0.3199072931
8.380005,0.3205744413
8.390005,0.3212419212
8.400005,0.3219097127
8.410005,0.3225778359
8.420005,0.3232462707
8.430005,0.3239150372
8.440005,0.3245841054
8.450005,0.3252534952
8.460005,0.3259231967
8.470005,0.3265932099
8.480005,0.3272635248
8.490005,0.3279341614
8.500005,0.3286050996
8.510005,0.3292763395
8.520005,0.3299478811
8.530005,0.3306197244
8.540005,0.3312918694
8.550005,0.3319643061
8.560005,0.3326370445
8.570005,0.3333100746
8.580005,0.3339833964
8.590005,0.3346570199
8.600005,0.3353309251
8.610005,0.336005112
8.620005,0.3366795907
8.630005,0.337354351
8.640005,0.3380293931
8.650005,0.3387047169
8.660005,0.3393803223
8.670005,0.3400561996
8.680005,0.3407323585
8.690005,0.3414087892
8.700005,0.3420854916
8.710005,0.3427624557
8.720005,0.3434397016
8.730005,0.3441172092
8.740005,0.3447949785
8.750005,0.3454730096
8.760005,0.3461513124
8.770005,0.3468298669
8.780005,0.3475086832
8.790005,0.3481877513
8.800005,0.3488670711
8.810005,0.3495466526
8.820005,0.3502264859
8.830005,0.350906561
8.840005,0.3515868878
8.850005,0.3522674564
8.860005,0.3529482767
8.870005,0.3536293288
8.880005,0.3543106327
8.890005,0.3549921683
8.900005,0.3556739457
8.910005,0.3563559548
8.920005,0.3570381957
8.930005,0.3577206784
8.940005,0.3584033829
8.950005,0.3590863092
8.960005,0.3597694772
8.970005,0.360452857
8.980005,0.3611364686
8.990005,0.361820302
9.000005,0.3625043471
9.010005,0.363188614
9.020005,0.3638730928
9.030005,0.3645577933
9.040005,0.3652427056
9.050005,0.3659278197
9.060005,0.3666131556
9.070005,0.3672986832
9.080005,0.3679844227
9.090005,0.368670374
9.100005,0.3693565171
9.110005,0.370042862
9.120005,0.3707294086
9.130005,0.3714161471
9.140005,0.3721030874
9.150005,0.3727902095
9.160005,0.3734775334
9.170005,0.3741650391
9.180006,0.3748527366
9.190005,0.375540616
9.200005,0.3762286771
9.210006,0.3769169301
9.220005,0.3776053548
9.230005,0.3782939614
9.240006,0.3789827398
9.250005,0.3796717001
9.260005,0.3803608221
9.270006,0.381050126
9.280006,0.3817396017
9.290005,0.3824292392
9.300006,0.3831190385
9.310006,0.3838090097
9.320005,0.3844991327
9.330006,0.3851894275
9.340006,0.3858798741
9.350005,0.3865704826
9.360006,0.3872612429
9.370006,0.387952155
9.380006,0.388643219
9.390006,0.3893344348
9.400006,0.3900258025
9.410006,0.390717302
9.420006,0.3914089533
9.430006,0.3921007564
9.440006,0.3927926814
9.450006,0.3934847582
9.460006,0.3941769669
9.470006,0.3948693174
9.480005,0.3955617898
9.490006,0.396254404
9.500006,0.39694714
9.510006,0.3976400079
9.520006,0.3983329976
9.530006,0.3990261092
9.540006,0.3997193526
9.550006,0.4004127079
9.560006,0.401106185
9.570006,0.4017997739
9.580006,0.4024934848
9.590006,0.4031873074
9.600006,0.4038812319
9.610006,0.4045752783
9.620006,0.4052694265
9.630006,0.4059636766
9.640006,0.4066580385
9.650006,0.4073524923
9.660006,0.4080470579
9.670006,0.4087417154
9.680006,0.4094364647
9.690006,0.4101313159
9.700006,0.4108262589
9.710006,0.4115212838
9.720006,0.4122164106
9.730006,0.4129116192
9.740006,0.4136069097
9.750006,0.414302282
9.760006,0.4149977362
9.770006,0.4156932823
9.780006,0.4163888902
9.790006,0.4170845799
9.800006,0.4177803515
9.810006,0.418476185
9.820006,0.4191720904
9.830006,0.4198680676
9.840006,0.4205641066
9.850006,0.4212602175
9.860006,0.4219563903
9.870006,0.422652615
9.880006,0.4233489115
9.890006,0.4240452598
9.900006,0.42474166
9.910006,0.4254381121
9.920006,0.4261346261
9.930006,0.4268311819
9.940006,0.4275277896
9.950006,0.4282244391
9.960006,0.4289211305
9.970006,0.4296178737
9.980006,0.4303146488
9.990006,0.4310114658
10.000006,0.4317083246
10.010006,0.4324052153
10.020006,0.4331021279
10.030006,0.4337990823
10.040006,0.4344960686
10.050006,0.4351930767
10.060006,0.4358901067
10.070006,0.4365871686
10.080006,0.4372842523
10.090006,0.4379813479
10.100006,0.4386784653
10.110006,0.4393755946
10.120006,0.4400727457
10.130006,0.4407699088
10.140006,0.4414670736
10.150006,0.4421642504
10.160006,0.4428614389
10.170006,0.4435586294
10.180006,0.4442558217
10.190006,0.4449530158
10.200006,0.4456502119
10.210006,0.4463473997
10.220006,0.4470445795
10.230006,0.447741761
10.240006,0.4484389245
10.250006,0.4491360897
10.260006,0.4498332369
10.270006,0.4505303659
10.280006,0.4512274867
10.290006,0.4519245794
10.300006,0.452621664
10.310006,0.4533187204
10.320006,0.4540157486
10.330006,0.4547127587
10.340006,0.4554097307
10.350006,0.4561066844
10.360006,0.4568036001
10.370006,0.4575004876
10.380006,0.4581973369
10.390006,0.4588941481
10.400006,0.4595909311
10.410006,0.460287656
10.420006,0.4609843527
10.430006,0.4616810012
10.440006,0.4623775916
10.450006,0.4630741439
10.460006,0.4637706479
10.470006,0.4644670938
10.480006,0.4651634916
10.490006,0.4658598312
10.500006,0.4665561126
10.510006,0.4672523259
10.520006,0.4679484909
10.530006,0.4686445779
10.540006,0.4693406066
10.550006,0.4700365672
10.560006,0.4707324596
10.570006,0.4714282839
10.580006,0.4721240299
10.590006,0.4728197078
10.600006,0.4735152976
10.610006,0.4742108191
10.620006,0.4749062525
10.630006,0.4756016077
10.640006,0.4762968747
10.650006,0.4769920535
10.660006,0.4776871442
10.670006,0.4783821467
10.680006,0.479077051
10.690006,0.4797718671
10.700006,0.480466585
10.710006,0.4811612147
10.720006,0.4818557263
10.730006,0.4825501496
10.740006,0.4832444648
10.750006,0.4839386718
10.760006,0.4846327705
10.770006,0.4853267611
10.780006,0.4860206435
10.790006,0.4867144077
10.800006,0.4874080637
10.810006,0.4881016015
10.820006,0.4887950111
10.830006,0.4894883025
10.840007,0.4901814756
10.850006,0.4908745206
10.860006,0.4915674374
10.870007,0.4922602259
10.880006,0.4929528863
10.890006,0.4936454084
10.900007,0.4943378023
10.910006,0.495030058
10.920006,0.4957221755
10.930007,0.4964141548
10.940006,0.4971059858
10.950006,0.4977976786
10.960007,0.4984892232
10.970007,0.4991806196
10.980006,0.4998718577
10.990007,0.5005629577
11.000007,0.5012538893
11.010006,0.5019446728
11.020007,0.502635308
11.030007,0.503325775
11.040006,0.5040160737
11.050007,0.5047062142
11.060007,0.5053961965
11.070007,0.5060860005
11.080007,0.5067756463
11.090007,0.5074651138
11.100007,0.5081544131
11.110007,0.5088435241
11.120007,0.5095324768
11.130007,0.5102212414
11.140006,0.5109098276
11.150007,0.5115982256
11.160007,0.5122864453
11.170006,0.5129744768
11.180007,0.51366231
11.190007,0.514349965
11.200007,0.5150374216
11.210007,0.51572469
11.220007,0.5164117602
11.230007,0.517098632
11.240007,0.5177853056
11.250007,0.5184717709
11.260007,0.5191580379
11.270007,0.5198440966
11.280007,0.520529947
11.290007,0.5212155892
11.300007,0.521901023
11.310007,0.5225862386
11.320007,0.5232712459
11.330007,0.5239560349
11.340007,0.5246405955
11.350007,0.5253249379
11.360007,0.526009062
11.370007,0.5266929577
11.380007,0.5273766252
11.390007,0.5280600743
11.400007,0.5287432851
11.410007,0.5294262577
11.420007,0.5301090018
11.430007,0.5307915077
11.440007,0.5314737753
11.450007,0.5321558045
11.460007,0.5328375954
11.470007,0.5335191379
11.480007,0.5342004321
11.490007,0.534881478
11.500007,0.5355622756
11.510007,0.5362428248
11.520007,0.5369231157
11.530007,0.5376031482
11.540007,0.5382829324
11.550007,0.5389624482
11.560007,0.5396417056
11.570007,0.5403207047
11.580007,0.5409994355
11.590007,0.5416778979
11.600007,0.5423560919
11.610007,0.5430340076
11.620007,0.5437116648
11.630007,0.5443890338
11.640007,0.5450661343
11.650007,0.5457429565
11.660007,0.5464194902
11.670007,0.5470957456
11.680007,0.5477717226
11.690007,0.5484474012
11.700007,0.5491228015
11.710007,0.5497979133
11.720007,0.5504727267
11.730007,0.5511472418
11.740007,0.5518214684
11.750007,0.5524953966
11.760007,0.5531690264
11.770007,0.5538423478
11.780007,0.5545153708
11.790007,0.5551880953
11.800007,0.5558605015
11.810007,0.5565326092
11.820007,0.5572043985
11.830007,0.5578758693
11.840007,0.5585470318
11.850007,0.5592178758
11.860007,0.5598884013
11.870007,0.5605586084
11.880007,0.5612284971
11.890007,0.5618980573
11.900007,0.562567289
11.910007,0.5632361923
11.920007,0.5639047672
11.930007,0.5645730036
11.940007,0.5652409115
11.950007,0.5659084809
11.960007,0.5665757219
11.970007,0.5672426144
11.980007,0.5679091684
11.990007,0.568575374
12.000007,0.569241241
12.010007,0.5699067596
12.020007,0.5705719297
12.030007,0.5712367413
12.040007,0.5719012044
12.050007,0.572565319
12.060007,0.5732290751
12.070007,0.5738924626
12.080007,0.5745555017
12.090007,0.5752181723
12.100007,0.5758804743
12.110007,0.5765424178
12.120007,0.5772039928
12.130007,0.5778651993
12.140007,0.5785260272
12.150007,0.5791864866
12.160007,0.5798465675
12.170007,0.5805062698
12.180007,0.5811655935
12.190007,0.5818245388
12.200007,0.5824830954
12.210007,0.5831412736
12.220007,0.5837990631
12.230007,0.5844564641
12.240007,0.5851134765
12.250007,0.5857700904
12.260007,0.5864263157
12.270007,0.5870821424
12.280007,0.5877375705
12.290007,0.5883926
12.300007,0.589047221
12.310007,0.5897014433
12.320007,0.5903552671
12.330007,0.5910086722
12.340007,0.5916616788
12.350007,0.5923142668
12.360007,0.5929664361
12.370007,0.5936181968
12.380007,0.5942695489
12.390007,0.5949204724
12.400007,0.5955709773
12.410007,0.5962210635
12.420007,0.5968707211
12.430007,0.5975199501
12.440007,0.5981687504
12.450007,0.5988171321
12.460007,0.5994650751
12.470007,0.6001125795
12.480007,0.6007596552
12.490007,0.6014062922
12.500007,0.6020524906
12.510007,0.6026982503
12.520007,0.6033435614
12.530008,0.6039884238
12.540007,0.6046328475
12.550007,0.6052768225
12.560008,0.6059203488
12.570007,0.6065634164
12.580007,0.6072060354
12.590008,0.6078481956
12.600007,0.6084899071
12.610007,0.6091311499
12.620008,0.609771934
12.630007,0.6104122594
12.640007,0.6110521061
12.650008,0.6116915041
12.660008,0.6123304233
12.670007,0.6129688738
12.680008,0.6136068455
12.690008,0.6142443485
12.700007,0.6148813828
12.710008,0.6155179283
12.720008,0.616153995
12.730007,0.616789583
12.740008,0.6174246923
12.750008,0.6180593127
12.760008,0.6186934444
12.770008,0.6193270874
12.780008,0.6199602415
12.790008,0.6205929069
12.800008,0.6212250734
12.810008,0.6218567412
12.820008,0.6224879202
12.830007,0.6231185904
12.840008,0.6237487618
12.850008,0.6243784344
12.860008,0.6250075981
12.870008,0.6256362531
12.880008,0.6262644092
12.890008,0.6268920465
12.900008,0.6275191649
12.910008,0.6281457846
12.920008,0.6287718754
12.930008,0.6293974573
12.940008,0.6300225104
12.950008,0.6306470546
12.960008,0.63127106
12.970008,0.6318945565
12.980008,0.6325175142
12.990008,0.633139953
13.000008,0.6337618529
13.010008,0.6343832239
13.020008,0.6350040661
13.030008,0.6356243693
13.040008,0.6362441337
13.050008,0.6368633592
13.060008,0.6374820357
13.070008,0.6381001834
13.080008,0.6387177821
13.090008,0.6393348319
13.100008,0.6399513329
13.110008,0.6405672848
13.120008,0.6411826879
13.130008,0.641797532
13.140008,0.6424118272
13.150008,0.6430255634
13.160008,0.6436387407
13.170008,0.6442513591
13.180008,0.6448634084
13.190008,0.6454748988
13.200008,0.6460858303
13.210008,0.6466961828
13.220008,0.6473059663
13.230008,0.6479151908
13.240008,0.6485238263
13.250008,0.6491319029
13.260008,0.6497393904
13.270008,0.650346309
13.280008,0.6509526385
13.290008,0.651558399
13.300008,0.6521635705
13.310008,0.652768153
13.320008,0.6533721465
13.330008,0.653975561
13.340008,0.6545783764
13.350008,0.6551806028
13.360008,0.6557822401
13.370008,0.6563832784
13.380008,0.6569837176
13.390008,0.6575835678
13.400008,0.6581828089
13.410008,0.6587814409
13.420008,0.6593794839
13.430008,0.6599769078
13.440008,0.6605737326
13.450008,0.6611699483
13.460008,0.6617655449
13.470008,0.6623605325
13.480008,0.6629549109
13.490008,0.6635486702
13.500008,0.6641418105
13.510008,0.6647343316
13.520008,0.6653262335
13.530008,0.6659175064
13.540008,0.6665081601
13.550008,0.6670981847
13.560008,0.6676875901
13.570008,0.6682763564
13.580008,0.6688644936
13.590008,0.6694519915
13.600008,0.6700388604
13.610008,0.6706251
13.620008,0.6712106905
13.630008,0.6717956518
13.640008,0.6723799639
13.650008,0.6729636269
13.660008,0.6735466606
13.670008,0.6741290352
13.680008,0.6747107705
13.690008,0.6752918467
13.700008,0.6758722736
13.710008,0.6764520513
13.720008,0.6770311698
13.730008,0.6776096391
13.740008,0.6781874491
13.750008,0.6787645899
13.760008,0.6793410714
13.770008,0.6799168937
13.780008,0.6804920568
13.790008,0.6810665406
13.800008,0.6816403651
13.810008,0.6822135204
13.820008,0.6827859963
13.830008,0.683357813
13.840008,0.6839289405
13.850008,0.6844993986
13.860008,0.6850691774
13.870008,0.685638277
13.880008,0.6862066972
13.890008,0.6867744281
13.900008,0.6873414797
13.910008,0.687907842
13.920008,0.688473525
13.930008,0.6890385086
13.940008,0.6896028029
13.950008,0.6901664078
13.960008,0.6907293234
13.970008,0.6912915297
13.980008,0.6918530466
13.990008,0.6924138641
14.000008,0.6929739822
14.010008,0.693533401
14.020008,0.6940921104
14.030008,0.6946501105
14.040008,0.6952074111
14.050008,0.6957640023
14.060008,0.6963198842
14.070008,0.6968750466
14.080008,0.6974294996
14.090008,0.6979832432
14.100008,0.6985362574
14.110008,0.6990885622
14.120008,0.6996401475
14.130008,0.7001910134
14.140008,0.7007411498
14.150008,0.7012905668
14.160008,0.7018392543
14.170008,0.7023872224
14.180008,0.702934451
14.190008,0.7034809502
14.200008,0.7040267199
14.210008,0.7045717601
14.220009,0.7051160608
14.230008,0.705659622
14.240008,0.7062024537
14.250009,0.7067445359
14.260008,0.7072858786
14.270008,0.7078264818
14.280009,0.7083663355
14.290008,0.7089054396
14.300008,0.7094438043
14.310009,0.7099814193
14.320009,0.7105182749
14.330008,0.7110543909
14.340009,0.7115897373
14.350009,0.7121243442
14.360008,0.7126581816
14.370009,0.7131912693
14.380009,0.7137235975
14.390008,0.7142551561
14.400009,0.7147859552
14.410009,0.7153159946
14.420008,0.7158452644
14.430009,0.7163737647
14.440009,0.7169014953
14.450009,0.7174284563
14.460009,0.7179546477
14.470009,0.7184800695
14.480009,0.7190047117
14.490009,0.7195285742
14.500009,0.7200516671
14.510009,0.7205739703
14.520008,0.7210955039
14.530009,0.7216162478
14.540009,0.7221362121
14.550009,0.7226553867
14.560009,0.7231737716
14.570009,0.7236913769
14.580009,0.7242081925
14.590009,0.7247242083
14.600009,0.7252394345
14.610009,0.725753871
14.620009,0.7262675078
14.630009,0.7267803549
14.640009,0.7272923922
14.650009,0.7278036398
14.660009,0.7283140777
14.670009,0.7288237159
14.680009,0.7293325543
14.690009,0.729840583
14.700009,0.730347802
14.710009,0.7308542211
14.720009,0.7313598206
14.730009,0.7318646202
14.740009,0.7323686001
14.750009,0.7328717602
14.760009,0.7333741105
14.770009,0.733875641
14.780009,0.7343763618
14.790009,0.7348762527
14.800009,0.7353753338
14.810009,0.7358735851
14.820009,0.7363710066
14.830009,0.7368676083
14.840009,0.7373633902
14.850009,0.7378583322
14.860009,0.7383524543
14.870009,0.7388457367
14.880009,0.7393381891
14.890009,0.7398298118
14.900009,0.7403205945
14.910009,0.7408105474
14.920009,0.7412996604
14.930009,0.7417879336
14.940009,0.7422753668
14.950009,0.7427619502
14.960009,0.7432477036
14.970009,0.7437326072
14.980009,0.7442166609
14.990009,0.7446998646
15.000009,0.7451822284
15.010009,0.7456637423
15.020009,0.7461443963
15.030009,0.7466242104
15.040009,0.7471031645
15.050009,0.7475812586
15.060009,0.7480585028
15.070009,0.7485348771
15.080009,0.7490104013
15.090009,0.7494850656
15.100009,0.74995887
15.110009,0.7504318043
15.120009,0.7509038787
15.130009,0.7513750931
15.140009,0.7518454275
15.150009,0.7523149019
15.160009,0.7527835062
15.170009,0.7532512306
15.180009,0.7537180949
15.190009,0.7541840792
15.200009,0.7546491935
15.210009,0.7551134278
15.220009,0.755576782
15.230009,0.7560392661
15.240009,0.7565008602
15.250009,0.7569615743
15.260009,0.7574214083
15.270009,0.7578803622
15.280009,0.758338426
15.290009,0.7587956098
15.300009,0.7592519034
15.310009,0.759707307
15.320009,0.7601618205
15.330009,0.7606154439
15.340009,0.7610681771
15.350009,0.7615200103
15.360009,0.7619709533
15.370009,0.7624209962
15.380009,0.762870139
15.390009,0.7633183916
15.400009,0.7637657441
15.410009,0.7642121864
15.420009,0.7646577386
15.430009,0.7651023806
15.440009,0.7655461125
15.450009,0.7659889442
15.460009,0.7664308657
15.470009,0.766871887
15.480009,0.7673119882
15.490009,0.7677511891
15.500009,0.7681894699
15.510009,0.7686268404
15.520009,0.7690633008
15.530009,0.7694988409
15.540009,0.7699334708
15.550009,0.7703671705
15.560009,0.7707999599
15.570009,0.7712318291
15.580009,0.7716627781
15.590009,0.7720927968
15.600009,0.7725219052
15.610009,0.7729500834
15.620009,0.7733773314
15.630009,0.773803649
15.640009,0.7742290464
15.650009,0.7746535135
15.660009,0.7750770503
15.670009,0.7754996468
15.680009,0.775921323
15.690009,0.776342059
15.700009,0.7767618646
15.710009,0.7771807298
15.720009,0.7775986548
15.730009,0.7780156494
15.740009,0.7784317037
15.750009,0.7788468077
15.760009,0.7792609813
15.770009,0.7796742046
15.780009,0.7800864875
15.790009,0.7804978301
15.800009,0.7809082223
15.810009,0.7813176641
15.820009,0.7817261655
15.830009,0.7821337066
15.840009,0.7825403073
15.850009,0.7829459576
15.860009,0.7833506475
15.870009,0.7837543869
15.880009,0.784157176
15.890009,0.7845590047
15.900009,0.7849598729
15.91001,0.7853597907
15.920009,0.7857587481
15.930009,0.786156745
15.94001,0.7865537815
15.950009,0.7869498576
15.960009,0.7873449732
15.97001,0.7877391183
15.980009,0.788132303
15.990009,0.7885245172
16.00001,0.7889157709
16.01001,0.7893060541
16.020009,0.7896953669
16.03001,0.7900837092
16.04001,0.790471081
16.050009,0.7908574822
16.06001,0.791242913
16.07001,0.7916273632
16.080009,0.792010843
16.09001,0.7923933422
16.10001,0.7927748709
16.110009,0.793155419
16.12001,0.7935349866
16.13001,0.7939135837
16.14001,0.7942911902
16.15001,0.7946678161
16.16001,0.7950434615
16.17001,0.7954181163
16.180009,0.7957917906
16.19001,0.7961644842
16.20001,0.7965361873
16.210009,0.7969069098
16.22001,0.7972766317
16.23001,0.7976453731
16.24001,0.7980131238
16.25001,0.7983798738
16.26001,0.7987456433
16.27001,0.7991104122
16.28001,0.7994741904
16.29001,0.799836978
16.30001,0.800198765
16.31001,0.8005595513
16.32001,0.800919347
16.33001,0.801278142
16.34001,0.8016359364
16.35001,0.8019927301
16.36001,0.8023485331
16.37001,0.8027033255
16.38001,0.8030571072
16.39001,0.8034098982
16.40001,0.8037616785
16.41001,0.8041124581
16.42001,0.804462227
16.43001,0.8048109853
16.44001,0.8051587428
16.45001,0.8055054796
16.46001,0.8058512156
16.47001,0.806195941
16.48001,0.8065396556
16.49001,0.8068823595
16.50001,0.8072240426
16.51001,0.807564725
16.52001,0.8079043767
16.53001,0.8082430275
16.54001,0.8085806477
16.55001,0.808917267
16.56001,0.8092528556
16.57001,0.8095874234
16.58001,0.8099209805
16.59001,0.8102535167
16.60001,0.8105850322
16.61001,0.8109155168
16.62001,0.8112449807
16.63001,0.8115734337
16.64001,0.811900846
16.65001,0.8122272474
16.66001,0.812552608
16.67001,0.8128769577
16.68001,0.8132002667
16.69001,0.8135225547
16.70001,0.813843812
16.71001,0.8141640384
16.72001,0.814483234
16.73001,0.8148013987
16.74001,0.8151185325
16.75001,0.8154346355
16.76001,0.8157497076
16.77001,0.8160637388
16.78001,0.8163767391
16.79001,0.8166886985
16.80001,0.8169996271
16.81001,0.8173095248
16.82001,0.8176183715
16.83001,0.8179261874
16.84001,0.8182329623
16.85001,0.8185386963
16.86001,0.8188433894
16.87001,0.8191470516
16.88001,0.8194496628
16.89001,0.8197512331
16.90001,0.8200517525
16.91001,0.8203512409
16.92001,0.8206496783
16.93001,0.8209470648
16.94001,0.8212434104
16.95001,0.821538715
16.96001,0.8218329686
16.97001,0.8221261712
16.98001,0.8224183329
16.99001,0.8227094335
17.00001,0.8229994932
17.01001,0.8232885019
17.02001,0.8235764596
17.03001,0.8238633663
17.04001,0.8241492119
17.05001,0.8244340166
17.06001,0.8247177602
17.07001,0.8250004528
17.08001,0.8252820844
17.09001,0.825562665
17.10001,0.8258421945
17.11001,0.826120663
17.12001,0.8263980804
17.13001,0.8266744268
17.14001,0.8269497321
17.15001,0.8272239664
17.16001,0.8274971396
17.17001,0.8277692617
17.18001,0.8280403228
17.19001,0.8283103128
17.20001,0.8285792517
17.21001,0.8288471195
17.22001,0.8291139362
17.23001,0.8293796818
17.24001,0.8296443563
17.25001,0.8299079797
17.26001,0.830170532
17.27001,0.8304320232
17.28001,0.8306924433
17.29001,0.8309517922
17.30001,0.83121008
17.31001,0.8314673067
17.32001,0.8317234623
17.33001,0.8319785366
17.34001,0.8322325599
17.35001,0.832485502
17.36001,0.8327373729
17.37001,0.8329881827
17.38001,0.8332379114
17.39001,0.8334865788
17.40001,0.8337341651
17.41001,0.8339806902
17.42001,0.8342261341
17.43001,0.8344705068
17.44001,0.8347137984
17.45001,0.8349560287
17.46001,0.8351971779
17.47001,0.8354372458
17.48001,0.8356762425
17.49001,0.8359141681
17.50001,0.8361510124
17.51001,0.8363867855
17.52001,0.8366214773
17.53001,0.836855088
17.54001,0.8370876174
17.55001,0.8373190755
17.56001,0.8375494524
17.57001,0.8377787581
17.58001,0.8380069725
17.59001,0.8382341157
17.600011,0.8384601676
17.61001,0.8386851482
17.62001,0.8389090376
17.630011,0.8391318557
17.64001,0.8393535825
17.65001,0.8395742381
17.660011,0.8397938024
17.67001,0.8400122853
17.68001,0.840229677
17.690011,0.8404459974
17.700011,0.8406612265
17.71001,0.8408753743
17.720011,0.8410884308
17.730011,0.8413004059
17.74001,0.8415112998
17.750011,0.8417211023
17.760011,0.8419298235
17.77001,0.8421374534
17.780011,0.8423439919
17.790011,0.8425494491
17.800011,0.842753815
17.810011,0.8429570995
17.820011,0.8431592927
17.830011,0.8433603945
17.840011,0.843560415
17.850011,0.8437593341
17.860011,0.8439571718
17.87001,0.8441539182
17.880011,0.8443495832
17.890011,0.8445441468
17.90001,0.8447376191
17.910011,0.84493001
17.920011,0.8451212994
17.930011,0.8453115075
17.940011,0.8455006142
17.950011,0.8456886395
17.960011,0.8458755634
17.970011,0.8460614059
17.980011,0.846246147
17.990011,0.8464297966
18.000011,0.8466123549
18.010011,0.8467938217
18.020011,0.8469741871
18.030011,0.8471534611
18.040011,0.8473316536
18.050011,0.8475087348
18.060011,0.8476847344
18.070011,0.8478596327
18.080011,0.8480334394
18.090011,0.8482061548
18.100011,0.8483777687
18.110011,0.8485482911
18.120011,0.848717712
18.130011,0.8488860415
18.140011,0.8490532796
18.150011,0.8492194161
18.160011,0.8493844612
18.170011,0.8495484048
18.180011,0.8497112569
18.190011,0.8498730076
18.200011,0.8500336667
18.210011,0.8501932244
18.220011,0.8503516906
18.230011,0.8505090552
18.240011,0.8506653284
18.250011,0.8508205
18.260011,0.8509745702
18.270011,0.8511275488
18.280011,0.8512794259
18.290011,0.8514302016
18.300011,0.8515798856
18.310011,0.8517284782
18.320011,0.8518759592
18.330011,0.8520223487
18.340011,0.8521676467
18.350011,0.8523118331
18.360011,0.852454928
18.370011,0.8525969213
18.380011,0.8527378231
18.390011,0.8528776233
18.400011,0.853016322
18.410011,0.8531539291
18.420011,0.8532904246
18.430011,0.8534258286
18.440011,0.8535601411
18.450011,0.8536933419
18.460011,0.8538254512
18.470011,0.8539564589
18.480011,0.854086365
18.490011,0.8542151796
18.500011,0.8543428925
18.510011,0.8544695039
18.520011,0.8545950137
18.530011,0.8547194318
18.540011,0.8548427484
18.550011,0.8549649634
18.560011,0.8550860768
18.570011,0.8552060985
18.580011,0.8553250187
18.590011,0.8554428372
18.600011,0.8555595641
18.610011,0.8556751794
18.620011,0.8557897031
18.630011,0.8559031352
18.640011,0.8560154556
18.650011,0.8561266844
18.660011,0.8562368116
18.670011,0.8563458471
18.680011,0.856453771
18.690011,0.8565606033
18.700011,0.8566663439
18.710011,0.8567709729
18.720011,0.8568745102
18.730011,0.8569769558
18.740011,0.8570782898
18.750011,0.8571785322
18.760011,0.8572776828
18.770011,0.8573757319
18.780011,0.8574726792
18.790011,0.8575685249
18.800011,0.8576632789
18.810011,0.8577569413
18.820011,0.8578495019
18.830011,0.8579409609
18.840011,0.8580313282
18.850011,0.8581205938
18.860011,0.8582087678
18.870011,0.85829584
18.880011,0.8583818206
18.890011,0.8584666994
18.900011,0.8585504766
18.910011,0.858633172
18.920011,0.8587147658
18.930011,0.8587952578
18.940011,0.8588746582
18.950011,0.8589529668
18.960011,0.8590301737
18.970011,0.8591062889
18.980011,0.8591813124
18.990011,0.8592552342
19.000011,0.8593280643
19.010011,0.8593998026
19.020011,0.8594704492
19.030011,0.8595399941
19.040011,0.8596084472
19.050011,0.8596758086
19.060011,0.8597420783
19.070011,0.8598072563
19.080011,0.8598713325
19.090011,0.8599343269
19.100011,0.8599962196
19.110011,0.8600570306
19.120011,0.8601167398
19.130011,0.8601753573
19.140011,0.860232893
19.150011,0.860289327
19.160011,0.8603446792
19.170011,0.8603989296
19.180011,0.8604520983
19.190011,0.8605041752
19.200011,0.8605551604
19.210011,0.8606050538
19.220011,0.8606538654
19.230011,0.8607015753
19.240011,0.8607482133
19.250011,0.8607937496
19.260012,0.8608382042
19.270011,0.8608815669
19.280011,0.8609238479
19.290012,0.8609650371
19.300011,0.8610051345
19.310011,0.8610441501
19.320012,0.8610820839
19.330011,0.8611189259
19.340011,0.8611546862
19.350012,0.8611893546
19.360011,0.8612229513
19.370011,0.8612554461
19.380012,0.8612868692
19.390012,0.8613172004
19.400011,0.8613464599
19.410012,0.8613746275
19.420012,0.8614017134
19.430011,0.8614277174
19.440012,0.8614526396
19.450012,0.86147647
19.460011,0.8614992286
19.470012,0.8615209054
19.480012,0.8615415104
19.490012,0.8615610235
19.500012,0.8615794549
19.510012,0.8615968144
19.520012,0.8616130921
19.530012,0.8616282979
19.540012,0.861642412
19.550012,0.8616554542
19.560011,0.8616674246
19.570012,0.8616783131
19.580012,0.8616881298
19.590011,0.8616968647
19.600012,0.8617045278
19.610012,0.861711109
19.620012,0.8617166184
19.630012,0.8617210559
19.640012,0.8617244216
19.650012,0.8617267054
19.660012,0.8617279275
19.670012,0.8617280676
19.680012,0.861727146
19.690012,0.8617251424
19.700012,0.8617220771
19.710012,0.8617179299
19.720012,0.8617127208
19.730012,0.8617064399
19.740012,0.8616990871
19.750012,0.8616906725
19.760012,0.861681186
19.770012,0.8616706276
19.780012,0.8616590074
19.790012,0.8616463254
19.800012,0.8616325715
19.810012,0.8616177457
19.820012,0.861601858
19.830012,0.8615849185
19.840012,0.8615668972
19.850012,0.8615478239
19.860012,0.8615276888
19.870012,0.8615064819
19.880012,0.861484223
19.890012,0.8614608923
19.900012,0.8614365097
19.910012,0.8614110653
19.920012,0.861384559
19.930012,0.8613569908
19.940012,0.8613283707
19.950012,0.8612986888
19.960012,0.861267955
19.970012,0.8612361593
19.980012,0.8612033017
19.990012,0.8611694022
20.000012,0.8611344409
